﻿<?xml version="1.0" encoding="UTF-8" standalone="yes"?>
<LOC_SYSTEM>
  <INFO>
    <lang>English</lang>
    <author>AndrosaSoft©</author>
    <email>support@androsasoft.net</email>
    <date>22/04/2009 13:00:00</date>
    <ver>1.4.2</ver>
  </INFO>
  <TRANSL>
    <r0>Do you wish to cancel the operation?</r0>
    <r2>Algorithm type unknown</r2>
    <r3>All files</r3>
    <r4>All operations complete...</r4>
    <r5>The program has been minimized to the system tray.  
You can use it through its icon</r5>
    <r6>Support Forum:</r6>
    <r7>Click to go to the forum</r7>
    <r8>Save the configuration</r8>
    <r9>characters</r9>
    <r10>Checking for updates...</r10>
    <r11>Error found parsing the command line.
  
The program will continue.</r11>
    <r12>Command line error</r12>
    <r15>Connection problem</r15>
    <r16>Connection</r16>
    <r17>Show</r17>
    <r18>Deleting temporary files...</r18>
    <r19>Error, access to the temporary directory not authorized</r19>
    <r20>Authorization error</r20>
    <r21>Directory error</r21>
    <r22>Folders</r22>
    <r23>Support the program</r23>
    <r24>Update in progress...</r24>
    <r25>Enter your email to receive a reply</r25>
    <r26>Access denied</r26>
    <r27>An error occured during creation of the SDX folder</r27>
    <r28>An error occured opening the directory</r28>
    <r29>An error occured reading the downloaded file</r29>
    <r30>The downloaded file is corrupt.
  
It is necessary to perform the operation again.</r30>
    <r31>The integrity check of the downloaded file has failed.  
This is due to an accidental error during the download.
  
The update has not been completed.</r31>
    <r32>File integrity error</r32>
    <r33>System error opening help file

Open the file manually or install the missing components.</r33>
    <r34>File not found</r34>
    <r35>The following error has occurred:</r35>
    <r36>The selected folder does not exist

Create it?</r36>
    <r37>Insert a valid path and name for the SDX archive</r37>
    <r38>SDX Archive</r38>
    <r39>The directory:</r39>
    <r40>does not exist and cannot be created</r40>
    <r41>The passwords don't match. Please make sure the passwords match.</r41>
    <r42>Password check</r42>
    <r43>Error. Access denied to temporary folder</r43>
    <r44>Access denied</r44>
    <r45>Not recognized</r45>
    <r46>Error during writing to the registry</r46>
    <r47>Error writing to the registry</r47>
    <r48>Errors</r48>
    <r49>From:</r49>
    <r50>Message:</r50>
    <r51>Send</r51>
    <r52>Subject:</r52>
    <r53>To:</r53>
    <r54>Testing file integrity...</r54>
    <r55>File not found.</r55>
    <r57>File(s)</r57>
    <r58>Technical Support Forum</r58>
    <r59>General</r59>
    <r60>Cancel</r60>
    <r61>Close</r61>
    <r62>Default Options</r62>
    <r63>Pause</r63>
    <r64>Protect</r64>
    <r65>Restore</r65>
    <r66>Resume</r66>
    <r67>Update now</r67>
    <r68>Close this window when finished</r68>
    <r69>Show event log</r69>
    <r70>Show password</r70>
    <r71>Compressed</r71>
    <r72>Time</r72>
    <r73>Error</r73>
    <r74>Name</r74>
    <r75>Path</r75>
    <r76>File</r76>
    <r77>Size</r77>
    <r78>State</r78>
    <r79>Ver.</r79>
    <r80>Compression</r80>
    <r81>Compress all files</r81>
    <r82>Fast</r82>
    <r83>Compress files with a size smaller than:</r83>
    <r84>Compression level</r84>
    <r85>Size of the files to be compressed</r85>
    <r86>Slow</r86>
    <r87>Create self-decrypting archive (SDX)</r87>
    <r88>Select this feature to create an encrypted .exe that
contains the files selected.</r88>
    <r89>Clear temporary directory at startup</r89>
    <r90>Directory path for backup files:</r90>
    <r91>Directory path for temporary files:</r91>
    <r92>Directory path for help files:</r92>
    <r93>Note: Modify the file paths only if necessary. In case of problems, reset the paths to their default values.</r93>
    <r94>Directory path for tool files:</r94>
    <r95>Rapid secure deletion</r95>
    <r96>Normal deletion</r96>
    <r97>Advanced options</r97>
    <r98>Select the algorithm and password for file protection...</r98>
    <r99>Delete source files after protect/restore operations</r99>
    <r100>Protection settings</r100>
    <r101>Feedback</r101>
    <r102>The following operations are being performed by Androsa FileProtector:  
  
Algorithm selected:</r102>
    <r103>File Protection/Restore</r103>
    <r104>Subdirectory Manager</r104>
    <r105>Current action</r105>
    <r106>Compression</r106>
    <r107>Credits</r107>
    <r108>Deletion method of file(s)</r108>
    <r109>Send a comment, suggestion or bug to AndrosaSoft©:</r109>
    <r110>Privacy</r110>
    <r111>About</r111>
    <r112>Password manager</r112>
    <r113>Protection</r113>
    <r114>Self-Decrypting Archive (SDX)</r114>
    <r115>Select the action you want to perform:</r115>
    <r116>Contacts</r116>
    <r117>Statistics</r117>
    <r118>Automatically select files added to the list</r118>
    <r119>Automatically check for updates at startup</r119>
    <r120>Start at Windows startup</r120>
    <r121>Show splash screen at startup</r121>
    <r122>Start minimized to the system tray</r122>
    <r123>Notify startup in system tray with a popup</r123>
    <r124>Window skin:</r124>
    <r125>Always on top</r125>
    <r126>Notify with a popup when minimized to system tray</r126>
    <r127>Close Androsa FileProtector</r127>
    <r128>Minimize Androsa FileProtector to the system tray</r128>
    <r129>When closing the main window:</r129>
    <r130>Send feedback</r130>
    <r131>Action:</r131>
    <r132>Current version: v</r132>
    <r133>Algorithm in use:</r133>
    <r134>E-mail address:</r134>
    <r135>Path where the SDX will be created:</r135>
    <r136>Protection speed:</r136>
    <r137>Elapsed:</r137>
    <r138>Left:</r138>
    <r139>Password verification</r139>
    <r140>More information about the update</r140>
    <r141>The following error occured during startup of Androsa FileProtector:</r141>
    <r142>The program will be terminated.</r142>
    <r143>Loading error</r143>
    <r144>Add file(s)</r144>
    <r145>Add folder(s)</r145>
    <r146>Deselect all</r146>
    <r147>Exit</r147>
    <r148>Protect / Restore</r148>
    <r149>Remove file(s)</r149>
    <r150>Select all</r150>
    <r151>Cancel file add</r151>
    <r152>Help</r152>
    <r153>About</r153>
    <r155>Help</r155>
    <r156>Tools</r156>
    <r157>Language</r157>
    <r158>Options</r158>
    <r159>Version</r159>
    <r160>Check for updates</r160>
    <r161>View</r161>
    <r162>Open backup directory</r162>
    <r163>.afp file version</r163>
    <r164>No Group</r164>
    <r165>Group</r165>
    <r166>Invert selection</r166>
    <r167>Refresh</r167>
    <r168>Status Bar</r168>
    <r169>Tool Bar</r169>
    <r170>The following version is available:</r170>
    <r171>Accept empty passwords</r171>
    <r172>Create a backup file before beginning file protection</r172>
    <r173>Delete backup file if protection successful</r173>
    <r174>Hide passwords with asterisks</r174>
    <r175>Ask confirmation password for protection</r175>
    <r176>Keep 'Date modified' of the original file</r176>
    <r177>Scramble name of protected files</r177>
    <r178>Show password length while typing</r178>
    <r179>Password options</r179>
    <r180>Add files from all sub-directories</r180>
    <r181>Manual selection of all sub-directories to add</r181>
    <r182>Don't add files from sub-directories</r182>
    <r183>Select where the SDX archive will be created</r183>
    <r184>Advanced</r184>
    <r185>Security</r185>
    <r186>Insert the archive SDX (.exe) into a compressed file (.zip)</r186>
    <r187>Password hint</r187>
    <r188>Add a password hint to the protected file.</r188>
    <r189>Type a hint here:</r189>
    <r190>Show password hint(s)</r190>
    <r192>Ignored</r192>
    <r193>[Paused]</r193>
    <r194>Enter password to restore file(s)...</r194>
    <r195>Internal error</r195>
    <r196>It is not possible to show the link</r196>
    <r197>Sending...</r197>
    <r198>Error, feedback not sent</r198>
    <r199>Feedback has been sent successfully</r199>
    <r201>Type message to send to AndrosaSoft©</r201>
    <r202>Minimize to tray</r202>
    <r203>A new version of the software is available

Proceed with the update?</r203>
    <r204>Available update(s)</r204>
    <r205>A new version has been found</r205>
    <r206>What's new in this version</r206>
    <r207>You do not have the necessary authorization to perform this operation</r207>
    <r208>Access denied</r208>
    <r209>No files are selected
  
Select a file to protect/restore to continue</r209>
    <r210>File check</r210>
    <r211>less than a second.</r211>
    <r212>No update available.</r212>
    <r213>Not Protected</r213>
    <r214>File(s):</r214>
    <r215>of</r215>
    <r217>Operation completed in</r217>
    <r218>Password strength</r218>
    <r219>[ Portable Version ]</r219>
    <r220>Processed</r220>
    <r221>File integrity check</r221>
    <r222>Compressing file</r222>
    <r223>Creating a backup</r223>
    <r224>Hashing file</r224>
    <r225>Creating a temporary file</r225>
    <r226>Decompressing file</r226>
    <r227>Protecting file</r227>
    <r228>Restoring file</r228>
    <r229>Wiping file</r229>
    <r230>Protected</r230>
    <r231>Initializing...</r231>
    <r232>Error while reading file version</r232>
    <r233>File version not recognized</r233>
    <r234>Registry tools</r234>
    <r235>Clear Registry</r235>
    <r236>Events Registry</r236>
    <r237>By proceeding the default options will be restored.
  
Continue?</r237>
    <r238>Restore default values</r238>
    <r239>Restore file(s)</r239>
    <r240>Recover file information</r240>
    <r241>Scramble name of protected files</r241>
    <r242>This option creates a scrambled name for  
the protected files. Note: Files will be automatically  
 renamed with their original names during restore.</r242>
    <r243>Create SDX</r243>
    <r244>Creating SDX archive...</r244>
    <r245>Creation of SDX failed.</r245>
    <r246>SDX archive created successfully.</r246>
    <r247>Select the algorithm and password for the Self-Decrypting archive:</r247>
    <r248>Creating Self-Decrypting archive</r248>
    <r249>Problem with tools folder. Please correct path from Options.</r249>
    <r250>Compressing SDX archive</r250>
    <r251>SDX compression error</r251>
    <r252>SDX compressed successfully</r252>
    <r253>Prevent existing files from being overwritten during restore</r253>
    <r254>If checked, any files that already exist will be renamed on restore.
Eg: 'MyFile.txt' will be named 'MyFile(1).txt'</r254>
    <r255>Select a directory...</r255>
    <r256>Select files to add</r256>
    <r257>Service currently unavailable</r257>
    <r258>The configuration has been saved    
and will be used as default.</r258>
    <r259>Save this configuration</r259>
    <r260>Website</r260>
    <r261>Integrity check failed</r261>
    <r262>Error during compression</r262>
    <r263>Error creating new file.</r263>
    <r264>Crypto stream error.</r264>
    <r265>Error during decompression</r265>
    <r266>File directory, access denied.</r266>
    <r267>Temp directory, access denied.</r267>
    <r268>Path empty</r268>
    <r269>.afp file corrupted</r269>
    <r270>File not found</r270>
    <r271>General stream error</r271>
    <r272>.afp file not valid</r272>
    <r273>Path is null</r273>
    <r274>Error while opening file</r274>
    <r275>Wrong password.</r275>
    <r276>Weak password</r276>
    <r277>File read error</r277>
    <r278>Attention... Backup file not created</r278>
    <r279>Attention... Backup file not deleted</r279>
    <r280>Write error</r280>
    <r281>The directory '</r281>
    <r282>' contains one or more sub-directories.</r282>
    <r283>Type feedback</r283>
    <r284>protected successfully.</r284>
    <r285>restored successfully.</r285>
    <r286>The update is being downloaded, by aborting this operation   
the update will not be installed.
  
Cancel?</r286>
    <r287>Error during download</r287>
    <r288>Do you wish to open the folder to execute it manually?</r288>
    <r289>The update has not been completed.</r289>
    <r290>Download complete</r290>
    <r291>A file called '</r291>
    <r292>' already exists

OK to overwrite, Cancel to rename.</r292>
    <r293>Overwriting...</r293>
    <r294>Select the translation file(s) you want add</r294>
    <r295>Language Manager</r295>
    <r296>Add new language(s)</r296>
    <r297>Language(s) dir does not exist</r297>
    <r298>Selected languages have been added</r298>
    <r299>Problems have been found during the addition of the following languages:</r299>
    <r300>Information</r300>
    <r301>Select the language to use:</r301>
    <r302>Author</r302>
    <r303>E-Mail</r303>
    <r304>Read error</r304>
    <r305>Language name</r305>
    <r306>Directory path for translation files:</r306>
    <r307>Date of creation</r307>
    <r308>Version</r308>
    <r309>Size of main window</r309>
    <r310>Save on close</r310>
    <r311>Restore default size</r311>
    <r312>Insufficient drive space</r312>
    <r313>Restore original window size?</r313>
    <r314>Restore size</r314>
    <r315>Send feedback about Androsa FileProtector</r315>
    <r316>Here you can send anonymous feedback on Androsa FileProtector.  
This will ask for your help to improve the product.</r316>
    <r317>Answer all the questions and then press Send situated below:</r317>
    <r318>1) How you did you discover Androsa FileProtector?</r318>
    <r319>Search engine</r319>
    <r320>Computer magazine</r320>
    <r321>Friends / Colleagues</r321>
    <r322>AndrosaSoft© Website</r322>
    <r323>Other Website</r323>
    <r324>Other</r324>
    <r325>2) How much do you use Androsa FileProtector?</r325>
    <r326>Always</r326>
    <r327>Often</r327>
    <r328>Normal</r328>
    <r329>Occasionally</r329>
    <r330>Very little</r330>
    <r331>Never</r331>
    <r332>3) Does Androsa FileProtector need other features?</r332>
    <r333>Yes</r333>
    <r334>No</r334>
    <r335>I don't know</r335>
    <r336>4) You have used other Encryption software before Androsa FileProtector?</r336>
    <r337>5) Is the portable version of Androsa FileProtector for PenDrive useful?</r337>
    <r338>6) Is the guide of Androsa FileProtector useful?</r338>
    <r339>Never used</r339>
    <r340>7) What would you rate Androsa FileProtector?</r340>
    <r341>10 [ Excellent ]</r341>
    <r342>1 [ Very Poor ]</r342>
    <r343>Space for feedback (English or Italian please):</r343>
    <r345>Error...feedback has not been sent</r345>
    <r346>Feedback sent successfully</r346>
    <r347>Your feedback about Androsa FileProtector</r347>
    <r348>Send your feedback</r348>
    <r349>Ask later</r349>
    <r350>Delete with overwrite</r350>
    <r351>Pass</r351>
    <r352>[ OBSOLETE ]</r352>
    <r353>The translation file selected is obsolete. Click here for more information.</r353>
    <r354>Support Androsa FileProtector</r354>
    <r355>File</r355>
    <r356>Max</r356>
    <r357>Min</r357>
    <r358>AndrosaSoft©</r358>
    <r359>Password</r359>
    <r360>Androsa FileProtector Auto-Updater</r360>
    <r363>Protect / Restore / Create SDX</r363>
  </TRANSL>
</LOC_SYSTEM>