﻿<?xml version="1.0" encoding="UTF-8" standalone="yes"?>
<LOC_SYSTEM>
  <INFO>
    <lang>Italiano</lang>
    <author>AndrosaSoft©</author>
    <email>support@androsasoft.net</email>
    <date>05/12/2007 12.52.51</date>
    <ver>1.4.2</ver>
  </INFO>
  <TRANSL>
    <r256>Seleziona i file da aggiungere</r256>
    <r247>Seleziona l'algoritmo e la password da usare per la creazione del file Auto-Decrittografante.</r247>
    <r195>Errore interno</r195>
    <r45>Non riconosciuto</r45>
    <r28>Errore durante l'apertura della cartella!</r28>
    <r226>Decompressione file</r226>
    <r142>Il programma sarà terminato</r142>
    <r180>Aggiungi i file di tutte le sotto-cartelle</r180>
    <r251>Errore compressione SDX</r251>
    <r190>Mostra suggerimento password</r190>
    <r59>Generale</r59>
    <r231>Inizializzazione procedure di protezione</r231>
    <r71>Compresso</r71>
    <r104>Manager Sotto-Cartelle</r104>
    <r93>Nota: Modificare i percorsi solo se strettamente necessario. In caso di problemi resettare i percorsi ai valori di default.</r93>
    <r12>Errore linea di comando</r12>
    <r277>Errore lettura file</r277>
    <r73>Errore</r73>
    <r112>Password manager</r112>
    <r310>Salva la dimensione all'uscita</r310>
    <r128>Minimizza Androsa FileProtector nella barra di sistema</r128>
    <r193>[In Pausa]</r193>
    <r282>' contiene una o più sotto-cartelle</r282>
    <r161>Visualizza</r161>
    <r262>Errore durante la compressione</r262>
    <r91>Percorso cartella per i file temporanei:</r91>
    <r206>Novità di questa versione</r206>
    <r173>Cancella i file di backup a protezione terminata con successo</r173>
    <r90>Percorso cartella per i file di backup:</r90>
    <r40>non esiste e non può essere creata!</r40>
    <r163>Versione file .afp</r163>
    <r252>SDX compresso con successo</r252>
    <r270>File non trovato</r270>
    <r179>Opzioni password</r179>
    <r268>Percorso vuoto!</r268>
    <r295>Manager dei linguaggi</r295>
    <r23>Supporta il progetto !</r23>
    <r246>Archivio SDX creato con successo</r246>
    <r257>Servizio attualmente non disponibile!</r257>
    <r88>Seleziona questa funzione per creare un file criptato .exe che contiene i file selezionati. Sarà possibile estrarre questo file lanciando l'archivio senza che Androsa FileProtector sia installato.</r88>
    <r130>Spedisci feedback</r130>
    <r108>Metodo cancellazione file(s)</r108>
    <r228>Ripristino file</r228>
    <r54>Test integrità file...</r54>
    <r265>Errore durante la decompressione</r265>
    <r100>Opzioni di protezione</r100>
    <r177>Genera nomi casuali per i file protetti</r177>
    <r37>Inserisci un percorso valido e un nome per l'archivio SDX</r37>
    <r209>Nessun file selezionato!</r209>
    <r3>Tutti i file</r3>
    <r105>Azione attuale</r105>
    <r68>Chiudi la finestra al termine</r68>
    <r159>Versione</r159>
    <r248>Crea un archivio Auto-Decrittografante</r248>
    <r21>Errore cartella</r21>
    <r260>Sito web</r260>
    <r113>Protezione</r113>
    <r240>Recupero informazioni file</r240>
    <r129>Quando si chiude la finestra principale:</r129>
    <r194>Inserire la password usata per ripristinare i file protetti</r194>
    <r283>Inserisci l'oggetto del feedback</r283>
    <r287>Errore durante l'avvio dell'aggiornamento scaricato!</r287>
    <r299>Sono stati rilevati errori durante l'aggiunta dei seguenti linguaggi:</r299>
    <r156>Strumenti</r156>
    <r207>Non si possiedono i permessi necessary per compiere questa operazione</r207>
    <r291>Il file chiamato '</r291>
    <r35>E' stato rilevato il seguente errore:</r35>
    <r18>Cancellazione file temporanei...</r18>
    <r126>Notifica con un popup quando si minimizza in barra di sistema</r126>
    <r170>E' disponibile la seguente versione:</r170>
    <r264>Errore cripto stream.</r264>
    <r185>Sicurezza</r185>
    <r296>Aggiungi nuovi linguaggi</r296>
    <r301>Selezionare il linguaggio da utilizzare:</r301>
    <r197>Spedizione...</r197>
    <r49>Da:</r49>
    <r131>Azione:</r131>
    <r220>Processato</r220>
    <r109>Spedisci commenti, suggerimenti o bug ad AndrosaSoft©</r109>
    <r97>Opzioni avanzate</r97>
    <r63>Pausa</r63>
    <r84>Livello di compressione</r84>
    <r106>Compressione</r106>
    <r9>caratteri</r9>
    <r182>Non aggiungere i file delle sotto-cartelle</r182>
    <r46>Errore durante la scrittura nel registro</r46>
    <r198>Errore, feedback non spedito!</r198>
    <r279>Attenzione! File di backup non cancellato!</r279>
    <r81>Comprimi tutti i file</r81>
    <r144>Aggiungi File(s)</r144>
    <r233>Versione file non riconosciuta</r233>
    <r172>Crea un file di backup all'inizio di ogni protezione</r172>
    <r151>Annulla aggiunta file</r151>
    <r249>Problema con la cartella degli strumenti! Correggere il percorso dalle opzioni.</r249>
    <r94>Percorso cartella per i file utilità:</r94>
    <r30>Il file scaricato è corrotto!</r30>
    <r77>Dimensione</r77>
    <r152>?</r152>
    <r241>Genera nomi casuali per i file protetti</r241>
    <r61>Chiudi</r61>
    <r168>Barra di stato</r168>
    <r7>Clicca per aprire il forum!</r7>
    <r284>protetto con successo.</r284>
    <r13>Cambiando il linguaggio</r13>
    <r175>Chiedi conferma password per la protezione</r175>
    <r95>Cancellazione rapida sicura</r95>
    <r125>Sempre in primo piano</r125>
    <r96>Cancellazione normale</r96>
    <r253>Scrittura sicura (nessuna sovrascrittura)</r253>
    <r137>Trascorso:</r137>
    <r44>Accesso negato</r44>
    <r165>Raggruppa per</r165>
    <r254>Se questa funzione è attivata i file esistenti non verranno sovrascritti ma saranno creati file con nomi simili.
Es: se esiste 'myfile.txt' verrà creato un file chiamato 'myfile(1).txt'</r254>
    <r181>Seleziona manualmente le sotto-cartelle da aggiungere</r181>
    <r302>Autore</r302>
    <r27>E' stato rilevato un errore durante la creazione della cartella SDX</r27>
    <r4>Tutte le operazioni sono state terminate.</r4>
    <r243>Crea SDX</r243>
    <r2>Tipo di algoritmo conosciuto</r2>
    <r75>Percorso</r75>
    <r132>Versione corrente: v</r132>
    <r221>Controllo integrità file</r221>
    <r255>Seleziona la cartella</r255>
    <r148>Proteggi / Ripristina</r148>
    <r58>Forum di supporto tecnico</r58>
    <r267>Cartella temporanea, accesso negato.</r267>
    <r140>Più informazioni sull'aggiornamento</r140>
    <r183>Seleziona dove dovrà essere creato l'archivio SDX</r183>
    <r250>Compressione dell'archivio SDX</r250>
    <r199>Feedback spedito con successo!</r199>
    <r288>Aprire la cartella per eseguire il file manualmente?</r288>
    <r42>Controllo password</r42>
    <r145>Aggiungi cartella</r145>
    <r234>Strumenti di registro</r234>
    <r103>Protezione / Ripristino file</r103>
    <r274>Errore durante l'apertura del file</r274>
    <r25>Inserisci il tuo indirizzo email per ricevere una risposta</r25>
    <r153>Informazioni su</r153>
    <r169>Barra degli strumenti</r169>
    <r196>Non è possibile aprire il link</r196>
    <r201>Inserisci il messaggio da spedire ad AndrosaSoft©</r201>
    <r127>Esci da Androsa FileProtector</r127>
    <r160>Verifica aggiornamenti</r160>
    <r39>La cartella:</r39>
    <r70>Mostra password</r70>
    <r120>Esegui all'avvio di Windows</r120>
    <r261>Verifica integrità file fallita!</r261>
    <r187>Suggerimento password</r187>
    <r285>ripristinato con successo.</r285>
    <r87>Crea archivio auto-decrittografante (SDX)</r87>
    <r53>A:</r53>
    <r281>La cartella '</r281>
    <r8>Salva l'attuale configurazione</r8>
    <r214>Oggetti in lista:</r214>
    <r303>E-Mail</r303>
    <r36>La cartella selezionata non esiste!</r36>
    <r293>Sovrascrittura file</r293>
    <r304>Errore durante la lettura delle informazioni</r304>
    <r171>Accetta password vuote</r171>
    <r222>Compressione file</r222>
    <r311>Ripristina la dimensione di default</r311>
    <r149>Rimuovi File</r149>
    <r238>Ripristina i valori di default</r238>
    <r20>Errore di autorizzazione</r20>
    <r67>Aggiorna ora</r67>
    <r52>Soggetto:</r52>
    <r141>E' stato riscontrato il seguente errore durante l'avvio di Androsa FileProtector:</r141>
    <r227>Protezione file</r227>
    <r6>Forum di supporto:</r6>
    <r184>Avanzate</r184>
    <r289>L'aggiornamento non è stato completato con successo!</r289>
    <r85>Dimensione del file da comprimere</r85>
    <r146>Deseleziona tutto</r146>
    <r235>Cancella registro</r235>
    <r275>Password errata!</r275>
    <r34>File non trovato nel sistema</r34>
    <r236>Eventi registro</r236>
    <r99>Elimina file sorgenti dopo le operazioni protezione/ripristino</r99>
    <r202>Minimizza nella barra di sistema</r202>
    <r17>Mostra</r17>
    <r218>Sicurezza della password inserita</r218>
    <r297>La cartella dei linguaggi non esiste!</r297>
    <r65>Ripristino</r65>
    <r48>Errori</r48>
    <r121>Visualizza splash screen all'avvio</r121>
    <r210>Controllo file</r210>
    <r242>Questa opzione create nomi senza significato per i file protetti.
Nota: al ripristino, i file, saranno automaticamente rinominati con i nomi originali.</r242>
    <r286>Gli aggiornamenti sono in scaricamento, annullando non saranno scaricati!

Annullare?</r286>
    <r167>Aggiorna</r167>
    <r245>Creazione SDX fallita</r245>
    <r215>di</r215>
    <r79>Ver.</r79>
    <r237>Procendendo le opzioni saranno ripristinate ai valori
di default.

Continuare?</r237>
    <r188>E' possibile aggiungere all'interno dei file protetti una frase di suggerimento password.
Questo sistema aiuta se ti dimentichi la password usata.
Attenzione: chiunque può leggere questa frase!</r188>
    <r32>Errore integrità file</r32>
    <r80>Compressione attiva</r80>
    <r134>Indirizzo email:</r134>
    <r51>Spedisci</r51>
    <r239>Ripristina file(s)</r239>
    <r143>Caricamento errore</r143>
    <r263>Errore creazione nuovo file.</r263>
    <r76>File</r76>
    <r155>Aiuto</r155>
    <r158>Opzioni</r158>
    <r101>Feedback</r101>
    <r204>Aggiornamenti disponibili</r204>
    <r276>Password debole!</r276>
    <r147>Esci</r147>
    <r60>Annulla</r60>
    <r117>Stato globale</r117>
    <r150>Seleziona tutto</r150>
    <r43>Errore! Accesso negato alla cartella temporanea</r43>
    <r114>Archivio Auto-Decrittografante (SDX)</r114>
    <r203>E' disponibile una nuova versione del software!

Procedere con l'aggiornamento?</r203>
    <r174>Nascondi la password con asterischi</r174>
    <r26>Accesso negato alla cartella dell'archivio SDX</r26>
    <r219>[ Versione portatile ]</r219>
    <r308>Versione</r308>
    <r124>Tema grafico 'Sicurezza Password':</r124>
    <r74>Nome</r74>
    <r122>Avvia ridotto nella barra di sistema</r122>
    <r211>meno di un secondo.</r211>
    <r300>Informazioni</r300>
    <r138>Mancante:</r138>
    <r136>Velocità di protezione:</r136>
    <r292>' già esiste</r292>
    <r10>Controlla per nuovi aggiornamenti...</r10>
    <r57>File(s)</r57>
    <r306>Percorso cartella per i file di traduzione:</r306>
    <r92>Percorso cartella per i file di aiuto:</r92>
    <r5>Il programma è stato minimizzato nella barra di sistema.
E' possibile utilizzarlo attraverso l'icona!</r5>
    <r305>Nome linguaggio</r305>
    <r189>Frase di suggerimento:</r189>
    <r41>La password inserita non corrisponde con quella inserita per la verifica!

Assicurarsi che le due password siano uguali.</r41>
    <r135>Percorso nel quale verrà creato l'SDX:</r135>
    <r224>Hashing file</r224>
    <r278>Attenzione! File di backup non creato!</r278>
    <r24>Download aggiornamenti in corso...</r24>
    <r290>Download completato!</r290>
    <r89>Svuota la cartella dei file temporanei all'avvio</r89>
    <r102>In questa finestra è possibile seguire in tempo reale le operazioni eseguite da Androsa FileProtector.

Il seguente algoritmo è stato selezionato per la protezione dei file:</r102>
    <r232>Errore durante la lettura della versione file</r232>
    <r118>Seleziona automaticamente i file aggiunti alla lista</r118>
    <r0>Terminando l'operazione il corrente file e i rimanenti files non saranno protetti/ripristinati.</r0>
    <r55>File non trovato.</r55>
    <r38>Archivio SDX</r38>
    <r83>Comprimi file con dimensione minore di:</r83>
    <r110>Occultamento file</r110>
    <r298>Tutti i linguaggi selezionati sono stati aggiunti con successo!</r298>
    <r273>Il percorso è null.</r273>
    <r280>Errore scrittura file</r280>
    <r86>Lento</r86>
    <r72>Tempo</r72>
    <r223>Creazione backup</r223>
    <r115>Eseguire l'azione che si vuole eseguire:</r115>
    <r69>Mostra il registro eventi</r69>
    <r309>Dimensione della finestra principale</r309>
    <r258>L'attuale configurazione è stata salvata e verrà utilizzata come default!

E' possibile anche modificare questa configurazione dalla finestra delle opzioni.</r258>
    <r22>Cartelle</r22>
    <r123>Notifica l'avvio in barra di sistema con un popup</r123>
    <r212>Nessun aggiornamento disponibile.</r212>
    <r139>Verifica password</r139>
    <r186>Inserisci l'archivio SDX (.exe) dentro un file compresso (.zip)</r186>
    <r271>Errore generale stream</r271>
    <r166>Inverti selezione</r166>
    <r66>Riprendi</r66>
    <r217>Operazioni terminate in:</r217>
    <r133>Algoritmo usato:</r133>
    <r19>Errore, accesso non autorizzato alla cartella dei file temporanei!</r19>
    <r50>Messaggio:</r50>
    <r225>Creazione file temporaneo</r225>
    <r157>Linguaggio</r157>
    <r266>File dir, accesso negato.</r266>
    <r15>Problemi di connessione!</r15>
    <r33>In questo sistema non è istallato 'hh.exe' per la visualizzazione dei file .chm!</r33>
    <r107>Crediti</r107>
    <r269>Il file .afp è corrotto!</r269>
    <r98>Selezionare l'algoritmo e la password da usare per la protezione.</r98>
    <r230>Protetto</r230>
    <r16>Connessione</r16>
    <r119>Controlla automaticamente nuovi aggiornamenti all'avvio</r119>
    <r208>Accesso negato</r208>
    <r64>Proteggi</r64>
    <r164>Nessun gruppo</r164>
    <r111>Informazioni Software</r111>
    <r192>Ignorato</r192>
    <r176>Mantieni 'data ultima modifica' del file originale</r176>
    <r47>Errore scrittura registro</r47>
    <r82>Veloce</r82>
    <r116>Contatti</r116>
    <r205>E' stata trovata una nuova versione!</r205>
    <r78>Stato</r78>
    <r259>Salva questa configurazione</r259>
    <r272>File .afp non valido.</r272>
    <r31>Il controllo di integrità del file scaricato è fallito!
Probabilmente questo è un errore accidentale dovuto allo scaricamento!

L'aggiornamento non è stato completato con successo!</r31>
    <r11>Errore trovato durante la lettura della linea di comando!

Il programma continuerà normalmente</r11>
    <r162>Apri la cartella dei backup</r162>
    <r213>Non protetto</r213>
    <r29>Errore durante la lettura del file scaricato!</r29>
    <r178>Visualizza la lunghezza della password durante la digitazione</r178>
    <r229>Cancellazione sicura file</r229>
    <r294>Seleziona  file di traduzione che vuoi aggiungere</r294>
    <r244>Creazione archivio SDX</r244>
    <r62>Opzioni di default</r62>
    <r307>Data di creazione</r307>
    <r325>2) Quanto usi Androsa FileProtector?</r325>
    <r326>Sempre</r326>
    <r333>Si</r333>
    <r349>Chiedi dopo</r349>
    <r346>La tua opinione è stata spedita con successo!</r346>
    <r350>Cancellazione con sovrascrittura</r350>
    <r321>Amici / Colleghi</r321>
    <r332>3) Androsa FileProtector ha bisogno di altre funzionalità?</r332>
    <r334>No</r334>
    <r314>Ripristina dimensione</r314>
    <r322>Sito AndrosaSoft©</r322>
    <r335>Non lo so</r335>
    <r342>1 [ Pessimo ]</r342>
    <r345>Errore, la tua opinione non è stata spedita!</r345>
    <r315>Spedisci la tua opinione riguardo ad Androsa FileProtector !</r315>
    <r323>Altri Siti</r323>
    <r339>Mai usata</r339>
    <r337>5) La versione portatile di Androsa FileProtector per PenDrive è utile?</r337>
    <r330>Veramente poco</r330>
    <r316>Qui puoi compilare e spedire in modo automatico ed anonimo la tua opinione riguardo ad Androsa FileProtector!
Questo richiederà pochi secondi e aiuterà il miglioramento del prodotto.</r316>
    <r317>Rispondi a tutte le domande, al termine premi il tasto 'Spedisci' situato in basso:</r317>
    <r312>Spazio su disco insufficiente</r312>
    <r338>6) La guida di Androsa FileProtector ti è stata utile?</r338>
    <r328>Normale</r328>
    <r320>Riviste di computer</r320>
    <r341>10 [ Eccellente ]</r341>
    <r340>7) Dai un voto ad Androsa FileProtector:</r340>
    <r351>Passaggi</r351>
    <r313>Ripristinare la dimensione originale della finestra?</r313>
    <r329>Occasionalmente</r329>
    <r324>Altro</r324>
    <r343>Spazio da utilizzare per eventuali note personali (scrivere solo in Inglese o Italiano):</r343>
    <r331>Mai</r331>
    <r347>La tua opinione riguardo ad Androsa FileProtector</r347>
    <r336>4) Usavi altri software di protezione prima di Androsa FileProtector?</r336>
    <r327>Spesso</r327>
    <r319>Motori di ricerca</r319>
    <r348>Spedisci la tua opinione !</r348>
    <r318>1) Come hai scoperto Androsa FileProtector?</r318>
    <r352>[ OBSOLETO ]</r352>
    <r353>Il file di traduzione selezionato è obsoleto! Clicca qui per maggiori informazioni.</r353>
    <r354>Fai una donazione !</r354>
    <r358>AndrosaSoft©</r358>
    <r356>Max</r356>
    <r355>File</r355>
    <r357>Min</r357>
    <r363>Proteggi / Ripristina / Crea SDX</r363>
    <r360>Androsa FileProtector Auto-Updater</r360>
    <r359>Password</r359>
  </TRANSL>
</LOC_SYSTEM>